symptoms,Epidemic periods,Left endpoint (months),Right endpoint (months),N
fatigue,Wild-type period,0,0,230
fatigue,Wild-type period,0,1,62
fatigue,Wild-type period,0,,9
fatigue,Wild-type period,1,2,20
fatigue,Wild-type period,2,3,13
fatigue,Wild-type period,3,6,18
fatigue,Wild-type period,6,12,7
fatigue,Wild-type period,6,36,4
fatigue,Wild-type period,6,,6
fatigue,Wild-type period,12,24,4
fatigue,Wild-type period,12,36,3
fatigue,Wild-type period,12,30,1
fatigue,Wild-type period,12,,15
fatigue,Wild-type period,30,,1
fatigue,Wild-type period,36,48,1
fatigue,Wild-type period,36,,3
fatigue,Wild-type period,48,,9
fatigue,Alpha period,0,0,140
fatigue,Alpha period,0,1,59
fatigue,Alpha period,0,,5
fatigue,Alpha period,1,2,30
fatigue,Alpha period,2,3,18
fatigue,Alpha period,3,6,16
fatigue,Alpha period,6,12,4
fatigue,Alpha period,6,36,7
fatigue,Alpha period,6,,2
fatigue,Alpha period,12,18,7
fatigue,Alpha period,12,36,4
fatigue,Alpha period,12,,13
fatigue,Alpha period,24,36,1
fatigue,Alpha period,30,,1
fatigue,Alpha period,36,,2
fatigue,Alpha period,48,,11
fatigue,Delta period,0,0,151
fatigue,Delta period,0,1,48
fatigue,Delta period,0,,3
fatigue,Delta period,1,2,38
fatigue,Delta period,2,3,18
fatigue,Delta period,3,6,18
fatigue,Delta period,6,12,5
fatigue,Delta period,6,36,3
fatigue,Delta period,6,,4
fatigue,Delta period,12,18,3
fatigue,Delta period,12,36,7
fatigue,Delta period,12,,13
fatigue,Delta period,24,36,1
fatigue,Delta period,30,,1
fatigue,Delta period,36,48,1
fatigue,Delta period,36,,4
fatigue,Omicron period-2022,0,0,1039
fatigue,Omicron period-2022,0,1,176
fatigue,Omicron period-2022,0,,13
fatigue,Omicron period-2022,1,2,49
fatigue,Omicron period-2022,2,3,31
fatigue,Omicron period-2022,3,6,26
fatigue,Omicron period-2022,6,12,8
fatigue,Omicron period-2022,6,36,8
fatigue,Omicron period-2022,6,,17
fatigue,Omicron period-2022,12,24,1
fatigue,Omicron period-2022,12,36,2
fatigue,Omicron period-2022,12,,1
fatigue,Omicron period-2022,18,,1
fatigue,Omicron period-2022,30,,5
fatigue,Omicron period-2024,0,0,196
fatigue,Omicron period-2024,0,1,39
fatigue,Omicron period-2024,1,2,11
fatigue,Omicron period-2024,2,3,5
fatigue,Omicron period-2024,3,6,5
fatigue,Omicron period-2024,6,,12
difficulity-concentrating,Wild-type period,0,0,292
difficulity-concentrating,Wild-type period,0,1,22
difficulity-concentrating,Wild-type period,0,,18
difficulity-concentrating,Wild-type period,1,2,8
difficulity-concentrating,Wild-type period,2,3,9
difficulity-concentrating,Wild-type period,3,6,4
difficulity-concentrating,Wild-type period,6,12,2
difficulity-concentrating,Wild-type period,6,36,2
difficulity-concentrating,Wild-type period,6,,2
difficulity-concentrating,Wild-type period,12,24,6
difficulity-concentrating,Wild-type period,12,36,6
difficulity-concentrating,Wild-type period,12,,16
difficulity-concentrating,Wild-type period,24,36,1
difficulity-concentrating,Wild-type period,36,48,2
difficulity-concentrating,Wild-type period,36,,2
difficulity-concentrating,Wild-type period,48,,14
difficulity-concentrating,Alpha period,0,0,226
difficulity-concentrating,Alpha period,0,1,18
difficulity-concentrating,Alpha period,0,,10
difficulity-concentrating,Alpha period,1,2,10
difficulity-concentrating,Alpha period,2,3,6
difficulity-concentrating,Alpha period,3,6,9
difficulity-concentrating,Alpha period,6,12,7
difficulity-concentrating,Alpha period,6,36,4
difficulity-concentrating,Alpha period,12,18,7
difficulity-concentrating,Alpha period,12,24,1
difficulity-concentrating,Alpha period,12,36,1
difficulity-concentrating,Alpha period,12,,10
difficulity-concentrating,Alpha period,36,48,1
difficulity-concentrating,Alpha period,36,,3
difficulity-concentrating,Alpha period,48,,7
difficulity-concentrating,Delta period,0,0,218
difficulity-concentrating,Delta period,0,1,19
difficulity-concentrating,Delta period,0,,5
difficulity-concentrating,Delta period,1,2,14
difficulity-concentrating,Delta period,2,3,13
difficulity-concentrating,Delta period,3,6,4
difficulity-concentrating,Delta period,6,12,4
difficulity-concentrating,Delta period,6,36,3
difficulity-concentrating,Delta period,6,,3
difficulity-concentrating,Delta period,12,18,3
difficulity-concentrating,Delta period,12,36,7
difficulity-concentrating,Delta period,12,,17
difficulity-concentrating,Delta period,18,,1
difficulity-concentrating,Delta period,36,,7
difficulity-concentrating,Omicron period-2022,0,0,1213
difficulity-concentrating,Omicron period-2022,0,1,55
difficulity-concentrating,Omicron period-2022,0,,13
difficulity-concentrating,Omicron period-2022,1,2,27
difficulity-concentrating,Omicron period-2022,2,3,11
difficulity-concentrating,Omicron period-2022,3,6,20
difficulity-concentrating,Omicron period-2022,6,12,14
difficulity-concentrating,Omicron period-2022,6,36,1
difficulity-concentrating,Omicron period-2022,6,,16
difficulity-concentrating,Omicron period-2022,12,,2
difficulity-concentrating,Omicron period-2022,30,,4
difficulity-concentrating,Omicron period-2022,36,,1
difficulity-concentrating,Omicron period-2024,0,0,236
difficulity-concentrating,Omicron period-2024,0,1,16
difficulity-concentrating,Omicron period-2024,0,,1
difficulity-concentrating,Omicron period-2024,1,2,2
difficulity-concentrating,Omicron period-2024,2,3,2
difficulity-concentrating,Omicron period-2024,3,6,1
difficulity-concentrating,Omicron period-2024,6,12,2
difficulity-concentrating,Omicron period-2024,6,,8
shortness-of-breath,Wild-type period,0,0,276
shortness-of-breath,Wild-type period,0,1,32
shortness-of-breath,Wild-type period,0,,11
shortness-of-breath,Wild-type period,1,2,18
shortness-of-breath,Wild-type period,2,3,10
shortness-of-breath,Wild-type period,3,6,7
shortness-of-breath,Wild-type period,6,12,1
shortness-of-breath,Wild-type period,6,36,5
shortness-of-breath,Wild-type period,6,,4
shortness-of-breath,Wild-type period,12,24,4
shortness-of-breath,Wild-type period,12,30,1
shortness-of-breath,Wild-type period,12,36,7
shortness-of-breath,Wild-type period,12,,13
shortness-of-breath,Wild-type period,36,,17
shortness-of-breath,Alpha period,0,0,175
shortness-of-breath,Alpha period,0,1,50
shortness-of-breath,Alpha period,0,,7
shortness-of-breath,Alpha period,1,2,27
shortness-of-breath,Alpha period,2,3,12
shortness-of-breath,Alpha period,3,6,8
shortness-of-breath,Alpha period,6,12,1
shortness-of-breath,Alpha period,6,36,3
shortness-of-breath,Alpha period,6,,1
shortness-of-breath,Alpha period,12,18,12
shortness-of-breath,Alpha period,12,36,6
shortness-of-breath,Alpha period,12,,12
shortness-of-breath,Alpha period,36,,6
shortness-of-breath,Delta period,0,0,202
shortness-of-breath,Delta period,0,1,41
shortness-of-breath,Delta period,0,,5
shortness-of-breath,Delta period,1,2,19
shortness-of-breath,Delta period,2,3,9
shortness-of-breath,Delta period,3,6,10
shortness-of-breath,Delta period,6,12,2
shortness-of-breath,Delta period,6,36,2
shortness-of-breath,Delta period,6,,2
shortness-of-breath,Delta period,12,18,3
shortness-of-breath,Delta period,12,36,5
shortness-of-breath,Delta period,12,,13
shortness-of-breath,Delta period,36,,5
shortness-of-breath,Omicron period-2022,0,0,1247
shortness-of-breath,Omicron period-2022,0,1,42
shortness-of-breath,Omicron period-2022,0,,7
shortness-of-breath,Omicron period-2022,1,2,16
shortness-of-breath,Omicron period-2022,2,3,15
shortness-of-breath,Omicron period-2022,3,6,15
shortness-of-breath,Omicron period-2022,6,12,6
shortness-of-breath,Omicron period-2022,6,36,6
shortness-of-breath,Omicron period-2022,6,,12
shortness-of-breath,Omicron period-2022,12,36,3
shortness-of-breath,Omicron period-2022,12,,2
shortness-of-breath,Omicron period-2022,36,,6
shortness-of-breath,Omicron period-2024,0,0,234
shortness-of-breath,Omicron period-2024,0,1,13
shortness-of-breath,Omicron period-2024,0,,2
shortness-of-breath,Omicron period-2024,1,2,3
shortness-of-breath,Omicron period-2024,2,3,3
shortness-of-breath,Omicron period-2024,3,6,1
shortness-of-breath,Omicron period-2024,6,12,1
shortness-of-breath,Omicron period-2024,6,,11
sleep-disorder,Wild-type period,0,0,314
sleep-disorder,Wild-type period,0,1,17
sleep-disorder,Wild-type period,0,,17
sleep-disorder,Wild-type period,1,2,9
sleep-disorder,Wild-type period,2,3,6
sleep-disorder,Wild-type period,3,6,3
sleep-disorder,Wild-type period,6,12,3
sleep-disorder,Wild-type period,6,36,1
sleep-disorder,Wild-type period,6,,1
sleep-disorder,Wild-type period,12,24,4
sleep-disorder,Wild-type period,12,36,4
sleep-disorder,Wild-type period,12,,13
sleep-disorder,Wild-type period,36,,14
sleep-disorder,Alpha period,0,0,237
sleep-disorder,Alpha period,0,1,16
sleep-disorder,Alpha period,0,,8
sleep-disorder,Alpha period,1,2,6
sleep-disorder,Alpha period,2,3,6
sleep-disorder,Alpha period,3,6,9
sleep-disorder,Alpha period,6,12,3
sleep-disorder,Alpha period,6,36,1
sleep-disorder,Alpha period,12,18,5
sleep-disorder,Alpha period,12,36,7
sleep-disorder,Alpha period,12,,11
sleep-disorder,Alpha period,36,,11
sleep-disorder,Delta period,0,0,236
sleep-disorder,Delta period,0,1,21
sleep-disorder,Delta period,0,,4
sleep-disorder,Delta period,1,2,7
sleep-disorder,Delta period,2,3,6
sleep-disorder,Delta period,3,6,7
sleep-disorder,Delta period,6,12,3
sleep-disorder,Delta period,6,36,3
sleep-disorder,Delta period,6,,2
sleep-disorder,Delta period,12,18,2
sleep-disorder,Delta period,12,36,5
sleep-disorder,Delta period,12,,16
sleep-disorder,Delta period,36,,6
sleep-disorder,Omicron period-2022,0,0,1219
sleep-disorder,Omicron period-2022,0,1,61
sleep-disorder,Omicron period-2022,0,,15
sleep-disorder,Omicron period-2022,1,2,18
sleep-disorder,Omicron period-2022,2,3,10
sleep-disorder,Omicron period-2022,3,6,17
sleep-disorder,Omicron period-2022,6,12,10
sleep-disorder,Omicron period-2022,6,36,7
sleep-disorder,Omicron period-2022,6,,10
sleep-disorder,Omicron period-2022,12,18,1
sleep-disorder,Omicron period-2022,12,36,1
sleep-disorder,Omicron period-2022,12,,4
sleep-disorder,Omicron period-2022,36,,4
sleep-disorder,Omicron period-2024,0,0,243
sleep-disorder,Omicron period-2024,0,1,8
sleep-disorder,Omicron period-2024,0,,1
sleep-disorder,Omicron period-2024,1,2,1
sleep-disorder,Omicron period-2024,2,3,2
sleep-disorder,Omicron period-2024,3,6,1
sleep-disorder,Omicron period-2024,6,12,1
sleep-disorder,Omicron period-2024,6,,11
chest-pain,Wild-type period,0,0,323
chest-pain,Wild-type period,0,1,22
chest-pain,Wild-type period,0,,9
chest-pain,Wild-type period,1,2,7
chest-pain,Wild-type period,2,3,4
chest-pain,Wild-type period,3,6,9
chest-pain,Wild-type period,6,12,1
chest-pain,Wild-type period,6,36,1
chest-pain,Wild-type period,6,,1
chest-pain,Wild-type period,12,24,1
chest-pain,Wild-type period,12,36,5
chest-pain,Wild-type period,12,,13
chest-pain,Wild-type period,36,,10
chest-pain,Alpha period,0,0,240
chest-pain,Alpha period,0,1,31
chest-pain,Alpha period,0,,5
chest-pain,Alpha period,1,2,13
chest-pain,Alpha period,2,3,6
chest-pain,Alpha period,3,6,7
chest-pain,Alpha period,6,12,1
chest-pain,Alpha period,6,36,1
chest-pain,Alpha period,6,,3
chest-pain,Alpha period,12,18,3
chest-pain,Alpha period,12,36,2
chest-pain,Alpha period,12,,6
chest-pain,Alpha period,36,,2
chest-pain,Delta period,0,0,249
chest-pain,Delta period,0,1,28
chest-pain,Delta period,0,,4
chest-pain,Delta period,1,2,9
chest-pain,Delta period,2,3,3
chest-pain,Delta period,3,6,6
chest-pain,Delta period,6,12,2
chest-pain,Delta period,6,36,1
chest-pain,Delta period,6,,2
chest-pain,Delta period,12,18,2
chest-pain,Delta period,12,36,2
chest-pain,Delta period,12,,7
chest-pain,Delta period,36,,3
chest-pain,Omicron period-2022,0,0,1268
chest-pain,Omicron period-2022,0,1,39
chest-pain,Omicron period-2022,0,,8
chest-pain,Omicron period-2022,1,2,19
chest-pain,Omicron period-2022,2,3,14
chest-pain,Omicron period-2022,3,6,12
chest-pain,Omicron period-2022,6,12,5
chest-pain,Omicron period-2022,6,36,3
chest-pain,Omicron period-2022,6,,5
chest-pain,Omicron period-2022,12,36,1
chest-pain,Omicron period-2022,12,,1
chest-pain,Omicron period-2022,36,,2
chest-pain,Omicron period-2024,0,0,246
chest-pain,Omicron period-2024,0,1,11
chest-pain,Omicron period-2024,0,,1
chest-pain,Omicron period-2024,1,2,1
chest-pain,Omicron period-2024,2,3,2
chest-pain,Omicron period-2024,6,12,1
chest-pain,Omicron period-2024,6,,6
memory-issues,Wild-type period,0,0,339
memory-issues,Wild-type period,0,1,9
memory-issues,Wild-type period,0,,17
memory-issues,Wild-type period,1,2,2
memory-issues,Wild-type period,2,3,6
memory-issues,Wild-type period,3,6,1
memory-issues,Wild-type period,6,,1
memory-issues,Wild-type period,12,36,6
memory-issues,Wild-type period,12,,11
memory-issues,Wild-type period,24,36,1
memory-issues,Wild-type period,48,,13
memory-issues,Alpha period,0,0,269
memory-issues,Alpha period,0,1,9
memory-issues,Alpha period,0,,6
memory-issues,Alpha period,1,2,7
memory-issues,Alpha period,2,3,2
memory-issues,Alpha period,3,6,4
memory-issues,Alpha period,6,12,2
memory-issues,Alpha period,6,36,4
memory-issues,Alpha period,6,,2
memory-issues,Alpha period,12,18,3
memory-issues,Alpha period,12,36,1
memory-issues,Alpha period,12,,5
memory-issues,Alpha period,36,,2
memory-issues,Alpha period,48,,4
memory-issues,Delta period,0,0,268
memory-issues,Delta period,0,1,6
memory-issues,Delta period,0,,4
memory-issues,Delta period,1,2,6
memory-issues,Delta period,3,6,5
memory-issues,Delta period,6,12,1
memory-issues,Delta period,6,36,2
memory-issues,Delta period,6,,3
memory-issues,Delta period,12,18,2
memory-issues,Delta period,12,36,3
memory-issues,Delta period,12,,12
memory-issues,Delta period,18,,1
memory-issues,Delta period,24,36,1
memory-issues,Delta period,36,,4
memory-issues,Omicron period-2022,0,0,1334
memory-issues,Omicron period-2022,0,1,7
memory-issues,Omicron period-2022,0,,4
memory-issues,Omicron period-2022,1,2,4
memory-issues,Omicron period-2022,2,3,3
memory-issues,Omicron period-2022,3,6,4
memory-issues,Omicron period-2022,6,12,4
memory-issues,Omicron period-2022,6,36,1
memory-issues,Omicron period-2022,6,,12
memory-issues,Omicron period-2022,30,,3
memory-issues,Omicron period-2022,36,,1
memory-issues,Omicron period-2024,0,0,255
memory-issues,Omicron period-2024,0,1,2
memory-issues,Omicron period-2024,1,2,1
memory-issues,Omicron period-2024,2,3,1
memory-issues,Omicron period-2024,3,6,2
memory-issues,Omicron period-2024,6,12,1
memory-issues,Omicron period-2024,6,,2
memory-issues,Omicron period-2024,6,,4
altered-smell,Wild-type period,0,0,315
altered-smell,Wild-type period,0,1,23
altered-smell,Wild-type period,0,,4
altered-smell,Wild-type period,1,2,17
altered-smell,Wild-type period,2,3,8
altered-smell,Wild-type period,3,6,5
altered-smell,Wild-type period,6,12,4
altered-smell,Wild-type period,6,36,4
altered-smell,Wild-type period,6,,3
altered-smell,Wild-type period,12,24,5
altered-smell,Wild-type period,12,36,2
altered-smell,Wild-type period,12,,9
altered-smell,Wild-type period,36,,2
altered-smell,Wild-type period,48,,5
altered-smell,Alpha period,0,0,245
altered-smell,Alpha period,0,1,33
altered-smell,Alpha period,0,,3
altered-smell,Alpha period,1,2,9
altered-smell,Alpha period,2,3,4
altered-smell,Alpha period,3,6,6
altered-smell,Alpha period,6,12,3
altered-smell,Alpha period,6,36,2
altered-smell,Alpha period,6,,1
altered-smell,Alpha period,12,18,1
altered-smell,Alpha period,12,24,1
altered-smell,Alpha period,12,36,1
altered-smell,Alpha period,12,,5
altered-smell,Alpha period,24,36,1
altered-smell,Alpha period,36,,1
altered-smell,Alpha period,48,,4
altered-smell,Delta period,0,0,188
altered-smell,Delta period,0,1,28
altered-smell,Delta period,0,,7
altered-smell,Delta period,1,2,21
altered-smell,Delta period,2,3,8
altered-smell,Delta period,3,6,13
altered-smell,Delta period,6,12,7
altered-smell,Delta period,6,36,1
altered-smell,Delta period,6,,3
altered-smell,Delta period,12,18,4
altered-smell,Delta period,12,24,2
altered-smell,Delta period,12,36,4
altered-smell,Delta period,12,,20
altered-smell,Delta period,18,,1
altered-smell,Delta period,30,,2
altered-smell,Delta period,36,,9
altered-smell,Omicron period-2022,0,0,1302
altered-smell,Omicron period-2022,0,1,36
altered-smell,Omicron period-2022,0,,6
altered-smell,Omicron period-2022,1,2,12
altered-smell,Omicron period-2022,2,3,3
altered-smell,Omicron period-2022,3,6,8
altered-smell,Omicron period-2022,6,12,3
altered-smell,Omicron period-2022,6,,4
altered-smell,Omicron period-2022,30,,2
altered-smell,Omicron period-2022,36,,1
altered-smell,Omicron period-2024,0,0,233
altered-smell,Omicron period-2024,0,1,18
altered-smell,Omicron period-2024,0,,2
altered-smell,Omicron period-2024,1,2,2
altered-smell,Omicron period-2024,2,3,3
altered-smell,Omicron period-2024,3,6,3
altered-smell,Omicron period-2024,6,12,2
altered-smell,Omicron period-2024,6,,5
cough,Wild-type period,0,0,274
cough,Wild-type period,0,1,54
cough,Wild-type period,0,,9
cough,Wild-type period,1,2,24
cough,Wild-type period,2,3,7
cough,Wild-type period,3,6,7
cough,Wild-type period,6,12,2
cough,Wild-type period,6,36,3
cough,Wild-type period,6,,3
cough,Wild-type period,12,24,1
cough,Wild-type period,12,30,1
cough,Wild-type period,12,36,4
cough,Wild-type period,12,,6
cough,Wild-type period,24,36,2
cough,Wild-type period,36,48,1
cough,Wild-type period,36,,1
cough,Wild-type period,48,,7
cough,Alpha period,0,0,206
cough,Alpha period,0,1,55
cough,Alpha period,0,,7
cough,Alpha period,1,2,17
cough,Alpha period,2,3,10
cough,Alpha period,3,6,8
cough,Alpha period,6,12,2
cough,Alpha period,12,18,4
cough,Alpha period,12,24,1
cough,Alpha period,12,36,2
cough,Alpha period,12,,7
cough,Alpha period,48,,1
cough,Delta period,0,0,204
cough,Delta period,0,1,52
cough,Delta period,0,,5
cough,Delta period,1,2,29
cough,Delta period,2,3,11
cough,Delta period,3,6,7
cough,Delta period,6,36,3
cough,Delta period,6,,1
cough,Delta period,12,,4
cough,Delta period,36,,2
cough,Omicron period-2022,0,0,958
cough,Omicron period-2022,0,1,230
cough,Omicron period-2022,0,,31
cough,Omicron period-2022,1,2,59
cough,Omicron period-2022,2,3,33
cough,Omicron period-2022,3,6,24
cough,Omicron period-2022,6,12,13
cough,Omicron period-2022,6,36,4
cough,Omicron period-2022,6,,9
cough,Omicron period-2022,12,36,1
cough,Omicron period-2022,12,,3
cough,Omicron period-2022,24,36,1
cough,Omicron period-2022,30,,6
cough,Omicron period-2022,36,,5
cough,Omicron period-2024,0,0,173
cough,Omicron period-2024,0,1,55
cough,Omicron period-2024,0,,5
cough,Omicron period-2024,1,2,16
cough,Omicron period-2024,2,3,6
cough,Omicron period-2024,3,6,3
cough,Omicron period-2024,6,12,2
cough,Omicron period-2024,6,,8
hair-loss,Wild-type period,0,0,345
hair-loss,Wild-type period,0,1,12
hair-loss,Wild-type period,0,,15
hair-loss,Wild-type period,1,2,6
hair-loss,Wild-type period,2,3,2
hair-loss,Wild-type period,3,6,3
hair-loss,Wild-type period,6,12,2
hair-loss,Wild-type period,6,,1
hair-loss,Wild-type period,12,24,2
hair-loss,Wild-type period,12,30,1
hair-loss,Wild-type period,12,36,2
hair-loss,Wild-type period,12,,6
hair-loss,Wild-type period,24,36,1
hair-loss,Wild-type period,36,,1
hair-loss,Wild-type period,48,,7
hair-loss,Alpha period,0,0,230
hair-loss,Alpha period,0,1,12
hair-loss,Alpha period,0,,4
hair-loss,Alpha period,1,2,7
hair-loss,Alpha period,2,3,11
hair-loss,Alpha period,3,6,17
hair-loss,Alpha period,6,12,7
hair-loss,Alpha period,6,36,6
hair-loss,Alpha period,6,,5
hair-loss,Alpha period,12,18,5
hair-loss,Alpha period,12,24,1
hair-loss,Alpha period,12,36,2
hair-loss,Alpha period,12,,9
hair-loss,Alpha period,36,48,1
hair-loss,Alpha period,48,,3
hair-loss,Delta period,0,0,236
hair-loss,Delta period,0,1,9
hair-loss,Delta period,0,,3
hair-loss,Delta period,1,2,11
hair-loss,Delta period,2,3,12
hair-loss,Delta period,3,6,16
hair-loss,Delta period,6,12,6
hair-loss,Delta period,6,36,3
hair-loss,Delta period,6,,2
hair-loss,Delta period,12,18,2
hair-loss,Delta period,12,24,1
hair-loss,Delta period,12,36,3
hair-loss,Delta period,12,,10
hair-loss,Delta period,36,,4
hair-loss,Omicron period-2022,0,0,1310
hair-loss,Omicron period-2022,0,1,13
hair-loss,Omicron period-2022,0,,7
hair-loss,Omicron period-2022,1,2,5
hair-loss,Omicron period-2022,2,3,4
hair-loss,Omicron period-2022,3,6,16
hair-loss,Omicron period-2022,6,12,7
hair-loss,Omicron period-2022,6,,5
hair-loss,Omicron period-2022,12,24,1
hair-loss,Omicron period-2022,12,36,1
hair-loss,Omicron period-2022,12,,2
hair-loss,Omicron period-2022,18,,1
hair-loss,Omicron period-2022,30,,1
hair-loss,Omicron period-2022,36,,4
hair-loss,Omicron period-2024,0,0,249
hair-loss,Omicron period-2024,0,1,3
hair-loss,Omicron period-2024,1,2,2
hair-loss,Omicron period-2024,2,3,2
hair-loss,Omicron period-2024,3,6,2
hair-loss,Omicron period-2024,6,12,2
hair-loss,Omicron period-2024,6,,8
altered-taste,Wild-type period,0,0,315
altered-taste,Wild-type period,0,1,29
altered-taste,Wild-type period,0,,4
altered-taste,Wild-type period,1,2,18
altered-taste,Wild-type period,2,3,9
altered-taste,Wild-type period,3,6,9
altered-taste,Wild-type period,6,12,2
altered-taste,Wild-type period,6,36,5
altered-taste,Wild-type period,6,,1
altered-taste,Wild-type period,12,24,2
altered-taste,Wild-type period,12,36,2
altered-taste,Wild-type period,12,,5
altered-taste,Wild-type period,36,,1
altered-taste,Wild-type period,48,,4
altered-taste,Alpha period,0,0,239
altered-taste,Alpha period,0,1,37
altered-taste,Alpha period,0,,1
altered-taste,Alpha period,1,2,14
altered-taste,Alpha period,2,3,10
altered-taste,Alpha period,3,6,6
altered-taste,Alpha period,6,12,3
altered-taste,Alpha period,6,12,1
altered-taste,Alpha period,12,18,1
altered-taste,Alpha period,12,36,1
altered-taste,Alpha period,12,,3
altered-taste,Alpha period,36,48,1
altered-taste,Alpha period,36,,1
altered-taste,Alpha period,48,,2
altered-taste,Delta period,0,0,193
altered-taste,Delta period,0,1,28
altered-taste,Delta period,0,,4
altered-taste,Delta period,1,2,25
altered-taste,Delta period,2,3,13
altered-taste,Delta period,3,6,10
altered-taste,Delta period,6,12,7
altered-taste,Delta period,6,36,4
altered-taste,Delta period,6,,5
altered-taste,Delta period,12,18,2
altered-taste,Delta period,12,36,3
altered-taste,Delta period,12,,17
altered-taste,Delta period,30,,1
altered-taste,Delta period,36,,6
altered-taste,Omicron period-2022,0,0,1290
altered-taste,Omicron period-2022,0,1,42
altered-taste,Omicron period-2022,0,,9
altered-taste,Omicron period-2022,1,2,12
altered-taste,Omicron period-2022,2,3,7
altered-taste,Omicron period-2022,3,6,7
altered-taste,Omicron period-2022,6,12,2
altered-taste,Omicron period-2022,6,,5
altered-taste,Omicron period-2022,12,,1
altered-taste,Omicron period-2022,30,,1
altered-taste,Omicron period-2022,36,,1
altered-taste,Omicron period-2024,0,0,236
altered-taste,Omicron period-2024,0,1,21
altered-taste,Omicron period-2024,1,2,2
altered-taste,Omicron period-2024,2,3,4
altered-taste,Omicron period-2024,3,6,1
altered-taste,Omicron period-2024,6,12,1
altered-taste,Omicron period-2024,6,,3
headache,Wild-type period,0,0,320
headache,Wild-type period,0,1,34
headache,Wild-type period,0,,8
headache,Wild-type period,1,2,6
headache,Wild-type period,2,3,11
headache,Wild-type period,3,6,9
headache,Wild-type period,6,12,1
headache,Wild-type period,6,,1
headache,Wild-type period,12,30,1
headache,Wild-type period,12,36,2
headache,Wild-type period,12,,8
headache,Wild-type period,36,,2
headache,Wild-type period,48,,3
headache,Alpha period,0,0,252
headache,Alpha period,0,1,32
headache,Alpha period,0,,5
headache,Alpha period,1,2,11
headache,Alpha period,2,3,4
headache,Alpha period,3,6,3
headache,Alpha period,6,12,2
headache,Alpha period,6,36,1
headache,Alpha period,6,,1
headache,Alpha period,12,36,1
headache,Alpha period,12,,6
headache,Alpha period,30,,1
headache,Alpha period,48,,1
headache,Delta period,0,0,245
headache,Delta period,0,1,28
headache,Delta period,0,,2
headache,Delta period,1,2,11
headache,Delta period,2,3,9
headache,Delta period,3,6,9
headache,Delta period,6,12,1
headache,Delta period,6,,1
headache,Delta period,12,18,1
headache,Delta period,12,36,1
headache,Delta period,12,,8
headache,Delta period,36,,2
headache,Omicron period-2022,0,0,1203
headache,Omicron period-2022,0,1,96
headache,Omicron period-2022,0,,8
headache,Omicron period-2022,1,2,16
headache,Omicron period-2022,2,3,13
headache,Omicron period-2022,3,6,9
headache,Omicron period-2022,6,12,9
headache,Omicron period-2022,6,36,1
headache,Omicron period-2022,6,,12
headache,Omicron period-2022,12,24,1
headache,Omicron period-2022,12,,1
headache,Omicron period-2022,18,,1
headache,Omicron period-2022,30,,3
headache,Omicron period-2022,36,,4
headache,Omicron period-2024,0,0,240
headache,Omicron period-2024,0,1,15
headache,Omicron period-2024,0,,1
headache,Omicron period-2024,1,2,3
headache,Omicron period-2024,2,3,2
headache,Omicron period-2024,3,6,4
headache,Omicron period-2024,6,12,2
headache,Omicron period-2024,6,,1
dizziness,Wild-type period,0,0,352
dizziness,Wild-type period,0,1,16
dizziness,Wild-type period,0,,5
dizziness,Wild-type period,1,2,3
dizziness,Wild-type period,2,3,4
dizziness,Wild-type period,3,6,7
dizziness,Wild-type period,6,12,3
dizziness,Wild-type period,6,36,1
dizziness,Wild-type period,6,,2
dizziness,Wild-type period,12,30,2
dizziness,Wild-type period,12,36,3
dizziness,Wild-type period,12,,5
dizziness,Wild-type period,48,,3
dizziness,Alpha period,0,0,271
dizziness,Alpha period,0,,2
dizziness,Alpha period,0,1,20
dizziness,Alpha period,1,2,4
dizziness,Alpha period,2,3,2
dizziness,Alpha period,3,6,4
dizziness,Alpha period,6,12,2
dizziness,Alpha period,6,36,2
dizziness,Alpha period,12,18,3
dizziness,Alpha period,12,36,1
dizziness,Alpha period,12,,5
dizziness,Alpha period,36,,2
dizziness,Alpha period,48,,2
dizziness,Delta period,0,0,277
dizziness,Delta period,0,1,11
dizziness,Delta period,1,2,6
dizziness,Delta period,2,3,5
dizziness,Delta period,3,6,3
dizziness,Delta period,6,36,1
dizziness,Delta period,6,,2
dizziness,Delta period,12,18,1
dizziness,Delta period,12,36,2
dizziness,Delta period,12,,10
dizziness,Omicron period-2022,0,0,1292
dizziness,Omicron period-2022,0,,6
dizziness,Omicron period-2022,0,1,41
dizziness,Omicron period-2022,1,2,5
dizziness,Omicron period-2022,2,3,6
dizziness,Omicron period-2022,3,6,10
dizziness,Omicron period-2022,6,12,3
dizziness,Omicron period-2022,6,36,2
dizziness,Omicron period-2022,6,,6
dizziness,Omicron period-2022,12,36,1
dizziness,Omicron period-2022,12,,1
dizziness,Omicron period-2022,30,,3
dizziness,Omicron period-2022,36,,1
dizziness,Omicron period-2024,0,0,253
dizziness,Omicron period-2024,0,,1
dizziness,Omicron period-2024,0,1,5
dizziness,Omicron period-2024,1,2,2
dizziness,Omicron period-2024,2,3,3
dizziness,Omicron period-2024,3,6,2
dizziness,Omicron period-2024,6,12,1
dizziness,Omicron period-2024,6,,1
limb-pain,Wild-type period,0,0,370
limb-pain,Wild-type period,0,1,11
limb-pain,Wild-type period,0,,4
limb-pain,Wild-type period,1,2,1
limb-pain,Wild-type period,2,3,3
limb-pain,Wild-type period,6,12,3
limb-pain,Wild-type period,6,36,2
limb-pain,Wild-type period,12,36,2
limb-pain,Wild-type period,12,,7
limb-pain,Wild-type period,30,,1
limb-pain,Wild-type period,48,,2
limb-pain,Alpha period,0,0,280
limb-pain,Alpha period,0,1,10
limb-pain,Alpha period,0,,2
limb-pain,Alpha period,1,2,2
limb-pain,Alpha period,2,3,1
limb-pain,Alpha period,3,6,1
limb-pain,Alpha period,6,12,1
limb-pain,Alpha period,6,36,4
limb-pain,Alpha period,12,18,1
limb-pain,Alpha period,12,36,2
limb-pain,Alpha period,12,,8
limb-pain,Alpha period,36,,6
limb-pain,Alpha period,48,,2
limb-pain,Delta period,0,0,296
limb-pain,Delta period,0,1,4
limb-pain,Delta period,0,,1
limb-pain,Delta period,1,2,4
limb-pain,Delta period,2,3,1
limb-pain,Delta period,3,6,3
limb-pain,Delta period,6,12,1
limb-pain,Delta period,6,36,1
limb-pain,Delta period,6,,1
limb-pain,Delta period,12,,5
limb-pain,Delta period,36,,1
limb-pain,Omicron period-2022,0,0,1308
limb-pain,Omicron period-2022,0,1,30
limb-pain,Omicron period-2022,0,,9
limb-pain,Omicron period-2022,1,2,5
limb-pain,Omicron period-2022,2,3,2
limb-pain,Omicron period-2022,3,6,7
limb-pain,Omicron period-2022,6,12,4
limb-pain,Omicron period-2022,6,36,2
limb-pain,Omicron period-2022,6,,7
limb-pain,Omicron period-2022,30,,2
limb-pain,Omicron period-2022,36,,1
limb-pain,Omicron period-2024,0,0,248
limb-pain,Omicron period-2024,0,1,8
limb-pain,Omicron period-2024,0,,1
limb-pain,Omicron period-2024,2,3,2
limb-pain,Omicron period-2024,6,,9
